TITULO_VIDEO,SUBUNIDAD,MIEMBROS,DURACION
Resonance,NCT U,"Taeyong,Johnny,Yuta,Doyoung,Jaehyun,Jungwoo,Mark,Haechan,Renjun,Jeno,Jaemin,Chenle,Jisung,Kun,Ten,Winwin,Xiaojun,Hendery,Yangyang",5:14
90's Love,NCT U,"Ten,Haechan,Mark,Yangyang,Jeno,Sungchan,Winwin",3:33
Baggy Jeans,NCT U,"Taeyong,Doyoung,Ten,Jaehyun,Mark",3:31
Kick It,NCT 127,"Taeyong,Johnny,Yuta,Doyoung,Jaehyun,Jungwoo,Mark,Haechan",3:53
Sticker,NCT 127,"Taeyong,Johnny,Yuta,Doyoung,Jaehyun,Jungwoo,Mark,Haechan",3:47
Chewing Gum,NCT DREAM,"Mark,Renjun,Jeno,Haechan,Jaemin,Chenle,Jisung",3:17
Hot Sauce,NCT DREAM,"Mark,Renjun,Jeno,Haechan,Jaemin,Chenle,Jisung",3:15
Candy,NCT DREAM,"Mark,Renjun,Jeno,Haechan,Jaemin,Chenle,Jisung",3:37
ISTJ,NCT DREAM,"Mark,Renjun,Jeno,Haechan,Jaemin,Chenle,Jisung",3:05
Kick Back,WayV,"Kun,Ten,Winwin,Xiaojun,Hendery,Yangyang",3:50
Love Talk,WayV,"Kun,Ten,Winwin,Xiaojun,Hendery,Yangyang",3:52
Turn Back Time,WayV,"Kun,Ten,Winwin,Xiaojun,Hendery,Yangyang",3:38
WISH,NCT WISH,"Sion,Riku,Yushi,Jaehee,Ryo,Sakuya",3:05
Poppop,NCT WISH,"Sion,Riku,Yushi,Jaehee,Ryo,Sakuya",3:02
Boy Meets Girl,NCT WISH,"Sion,Riku,Yushi,Jaehee,Ryo,Sakuya",3:20